first_name,last_name,email,password,player_rank
Rebbecca,Didio,rebbecca.didio@didio.com.au,O1ascIjLRR%,317
Stevie,Hallo,stevie.hallo@hotmail.com,@uz)G_$QLX!,218
Mariko,Stayer,mariko_stayer@hotmail.com,yMmsWPosr5S*,293
Gerardo,Woodka,gerardo_woodka@hotmail.com,Gh)lTBuBkL$,38
Mayra,Bena,mayra.bena@gmail.com,6)QJc$Y7hXR*,463
Idella,Scotland,idella@hotmail.com,2HYHB@h7H^,413
Sherill,Klar,sklar@hotmail.com,0V($19PTB%,223
Ena,Desjardiws,ena_desjardiws@desjardiws.com.au,2&*39)%Dr8F_,36
Vince,Siena,vince_siena@yahoo.com,4P%ODwhVR*,366
Theron,Jarding,tjarding@hotmail.com,Y$dUuzC1mF_,159
Amira,Chudej,amira.chudej@chudej.net.au,8UmAueUdC^,337
Marica,Tarbor,marica.tarbor@hotmail.com,7ZNkJmnML^,336
Shawna,Albrough,shawna.albrough@albrough.com.au,8a1LJ(yVlLF^,470
Paulina,Maker,paulina_maker@maker.net.au,h)pAEbHeX$,369
Rose,Jebb,rose@jebb.net.au,ebFG4clGD!,42
Reita,Tabar,rtabar@hotmail.com,Bhv^rrRwqiT_,376
Maybelle,Bewley,mbewley@yahoo.com,8hQC!&d&D*,282
Camellia,Pylant,camellia_pylant@gmail.com,kuOrQZqKK(,291
Roy,Nybo,rnybo@nybo.net.au,r_R*SfJ5cqX&,417
Albert,Sonier,albert.sonier@gmail.com,yxWbvTa%WKQ#,482
Hayley,Taghon,htaghon@taghon.net.au,w$!ijtfvObD!,407
Norah,Daleo,ndaleo@daleo.net.au,fSZN$lQDi2T#,214
Rosina,Sidhu,rosina_sidhu@gmail.com,vi%UmaeSF%,204
Royal,Costeira,royal_costeira@costeira.com.au,!(kDqMSAU(,440
Barrie,Nicley,bnicley@nicley.com.au,GMo6N4iDbWX#,235
Linsey,Gedman,lgedman@gedman.net.au,l@gm@^xZ%W(,446
Laura,Bourbonnais,laura.bourbonnais@yahoo.com,q7rhO!$tmY@,66
Fanny,Stoneking,fstoneking@hotmail.com,*d9nwByPKF*,20
Kristian,Ellerbusch,kristian@yahoo.com,UTZLST#rM%,28
Gwen,Julye,gjulye@hotmail.com,gfAhP68kA@,327
Ben,Majorga,ben.majorga@hotmail.com,yOA09@#AT(,486
Trina,Oto,trina@oto.com.au,VbWuAQ*TzG^,132
Emelda,Geffers,emelda.geffers@gmail.com,dtZKcYo&4I&,46
Zana,Ploszaj,zana_ploszaj@ploszaj.net.au,hE^fybL0E*,354
Shaun,Rael,shaun.rael@rael.com.au,Ua!yrjfDE%,353
Oren,Lobosco,olobosco@hotmail.com,HJMwAMo5T%,400
Catherin,Aguele,caguele@gmail.com,idJMcP31A&,420
Pearlene,Boudrie,pboudrie@boudrie.net.au,ahsQGOD(1M_,140
Kathryn,Bonalumi,kathryn.bonalumi@yahoo.com,JjtF)L*5kTQ#,352
Suzan,Landa,suzan.landa@gmail.com,O7ZVzSk^NR^,135
Sommer,Agar,sagar@agar.net.au,5Wjoz_b%U%,329
Keena,Rebich,krebich@rebich.net.au,^ZBSiHzOU^,157
Rupert,Hinkson,rupert_hinkson@hinkson.net.au,ZCtaWcbG^R*,328
Aleta,Poarch,apoarch@gmail.com,8dHkwz@G23E%,398
Jamal,Korczynski,jamal_korczynski@gmail.com,zUGc_rsXEP),332
Luz,Broccoli,luz_broccoli@hotmail.com,hFv4A12XE%C(,151
Janessa,Ruthers,janessa@yahoo.com,MiNLkGp^8B$,319
Lavonne,Esco,lavonne.esco@yahoo.com,@leRigbvA^,274
Honey,Lymaster,honey_lymaster@lymaster.net.au,HfYdhq$SpHN%,146
Jean,Cecchinato,jean.cecchinato@gmail.com,fWl$Ywti5kK&,386
Katlyn,Flitcroft,kflitcroft@hotmail.com,DQTyTWovF@,439
Cassie,Soros,csoros@gmail.com,OMFZ947*DJ&,155
Rolf,Gene,rolf_gene@gene.com.au,IA)OHUAwH$,367
Darnell,Moothart,darnell_moothart@yahoo.com,N#)N0zeASF*,21
Cherilyn,Fraize,cherilyn_fraize@fraize.net.au,7WwUbtefV$,430
Lynda,Lazzaro,lynda.lazzaro@gmail.com,9z9wpCkDN_,320
Leigha,Capelli,leigha.capelli@capelli.com.au,^Kud8LWXnGS_,178
Delfina,Binnie,delfina_binnie@binnie.net.au,f45T77Ge3J#,375
Carlota,Gephardt,carlota.gephardt@gephardt.com.au,(Q54aDI0E@,233
Alida,Helger,alida@helger.com.au,EnbyWt5m0L(,25
Donte,Resureccion,donte.resureccion@yahoo.com,dqzMAp4SUcE),444
Lou,Kriner,lou.kriner@hotmail.com,XvttLt3JA#,154
Dortha,Vrieze,dortha@vrieze.net.au,fj3o90l*nvV@,153
Genevive,Sanborn,genevive@hotmail.com,K8s6*8wpR_,238
Alease,Strawbridge,alease_strawbridge@strawbridge.com.au,&y84LMgCdMH%,449
Veda,Mishkin,veda.mishkin@mishkin.com.au,OHcrpQk!&5J^,95
Craig,Vandersloot,craig_vandersloot@yahoo.com,8RsdEsYSnC&,424
Lauran,Tovmasyan,ltovmasyan@tovmasyan.net.au,dc)e!!G%J!,188
Aaron,Kloska,aaron_kloska@kloska.net.au,L*#M_7c6*P@,29
Francene,Skursky,francene.skursky@skursky.net.au,XpDLJJGr4HO@,395
Zena,Daria,zdaria@gmail.com,LjM%w(sf6OV%,467
Brigette,Breckenstein,brigette@breckenstein.com.au,g!s7pg#*TW@,37
Jeniffer,Jezek,jeniffer@gmail.com,LZA^GU6!TJ*,81
Selma,Elm,selm@elm.net.au,wj0k8&9xW3T&,450
Elenora,Handler,ehandler@yahoo.com,dL4@EtaWKS(,371
Nadine,Okojie,nadine.okojie@okojie.com.au,p_YCq7C(r3P@,360
Kristin,Shiflet,kristin@hotmail.com,9vZPn1c5cF%,434
Melinda,Fellhauer,melinda_fellhauer@fellhauer.com.au,ggNoHauJG_,51
Kirby,Litherland,kirby.litherland@hotmail.com,3#$SWRsMX(,334
Kent,Ivans,kent_ivans@yahoo.com,RW7i1^RoeH$,17
Dan,Platz,dan_platz@hotmail.com,PR6$$aGDSR!,422
Millie,Pirkl,millie_pirkl@gmail.com,eKzQ0t^KI(,98
Moira,Qadir,moira.qadir@gmail.com,W_NRY9mbyEB&,141
Reta,Qazi,reta.qazi@yahoo.com,a5za7DF7JW^,333
Brittney,Lolley,brittney@lolley.net.au,s3eJal@Ze$E!,246
Leandro,Bolka,leandro_bolka@hotmail.com,aaagYZh3$C#,85
Edison,Sumera,edison.sumera@sumera.net.au,rCZxLW@1s@A#,433
Breana,Cassi,breana@yahoo.com,hLzWv2Z$I@,201
Jarvis,Nicols,jarvis@gmail.com,vZYLq)KJF4F@,52
Felicitas,Orlinski,felicitas_orlinski@orlinski.com.au,X3Uaa%dsQMI#,298
Geraldine,Neisius,geraldine@gmail.com,b1C3e)TZU!Z),171
Alfred,Pacleb,alfred@pacleb.net.au,qgsAfROq0G#,268
Leatha,Block,leatha_block@gmail.com,Np#%fZ1QsBT%,312
Jacquelyne,Rosso,jacquelyne.rosso@yahoo.com,H^vU#6UlP*,362
Jonelle,Epps,jepps@hotmail.com,5scc%BX1N%,385
Rosamond,Amlin,rosamond.amlin@gmail.com,L9WnM515ZnD!,448
Johnson,Mcenery,johnson@gmail.com,ol6egB2sOMF#,130
Elliot,Scatton,elliot.scatton@hotmail.com,vvMX(Pu(3IQ%,187
Gerri,Perra,gerri@yahoo.com,WsXtZbE1glC%,305
Rosendo,Jelsma,rosendo_jelsma@hotmail.com,2e3m$53M^bV!,74
Eveline,Brickhouse,eveline@yahoo.com,6mQp@jB@F(,186
Laurene,Bennett,laurene_bennett@gmail.com,8M))JeB_lA*,377
Tegan,Ebershoff,tegan_ebershoff@hotmail.com,8rJTe*P3PD@,197
Tracie,Huro,thuro@gmail.com,yhvBbp90)ZX*,45
Mertie,Kazeck,mertie.kazeck@kazeck.com.au,Jf1Zwt6yJ),117
Clare,Bortignon,clare_bortignon@hotmail.com,x^5V@LPjJI$,349
Rebeca,Baley,rebeca_baley@hotmail.com,sVxo$mDH!F^,114
Nilsa,Pawell,npawell@pawell.net.au,WPc2i#B*SlD_,426
Samuel,Arellanes,samuel.arellanes@arellanes.net.au,uAB!^aA95NI&,478
Ivette,Servantes,ivette_servantes@servantes.com.au,*Q%MeX*AH9R$,205
Merrilee,Fajen,merrilee@fajen.net.au,T_I3a*8teN%,143
Gianna,Eilers,gianna@yahoo.com,VUT#T&Bb*C),247
Hyman,Phinazee,hphinazee@yahoo.com,M)PFEw2yA^,54
Buck,Pascucci,buck@yahoo.com,wP7KRS94D(,76
Kenny,Leicht,kenny@leicht.com.au,Yk%$#tp46IZ),6
Tabetha,Bai,tabetha.bai@gmail.com,&NpOX^QyEWU*,490
Alonso,Popper,alonso_popper@hotmail.com,BX#AqQvGR$,147
Alonzo,Polek,alonzo_polek@polek.net.au,hGzbsRUQ7H$,344
Son,Magnotta,son.magnotta@magnotta.net.au,23_zn93CL^,212
Jesusita,Druck,jesusita@druck.net.au,CyNDyjjA#uC^,318
Annice,Kunich,annice_kunich@kunich.net.au,B65XOBhXj*B!,198
Delila,Buchman,delila.buchman@hotmail.com,0Fke_TLs(G),163
Iraida,Sionesini,iraida.sionesini@yahoo.com,iHVJ!y#vuaS),23
Alona,Driesenga,alona_driesenga@hotmail.com,MOIW_zsjbU%,177
Lajuana,Vonderahe,lajuana.vonderahe@yahoo.com,dBmFH2fp*uK&,251
Madelyn,Maestri,madelyn.maestri@yahoo.com,aVN80kX%T&,170
Louann,Susmilch,louann_susmilch@yahoo.com,wM)zZkDPA@,173
William,Devol,wdevol@devol.net.au,&^7VQ5EnmX),460
Corazon,Grafenstein,cgrafenstein@gmail.com,lTXIe%XZHY*,199
Fairy,Burket,fairy_burket@burket.com.au,ZG4ze5d(WJ#,86
Lashawn,Urion,lurion@yahoo.com,FEi)^_R_eW&,108
Ronald,Gayner,rgayner@hotmail.com,g65W%_gGZ!,455
Shizue,Hayduk,shayduk@gmail.com,3nT774ywxP$,437
Nida,Fitz,nfitz@hotmail.com,yEF&smuQ)NT@,127
Amos,Limberg,alimberg@limberg.com.au,$QQ2P0LorV%,275
Dexter,Prosienski,dexter@prosienski.net.au,SQVBxXlTMT^,423
Ludivina,Calamarino,lcalamarino@yahoo.com,gg&H(MjuHNH#,272
Ariel,Stavely,ariel_stavely@stavely.com.au,F2h$ZlyLR!,364
Haley,Vaughn,haley_vaughn@vaughn.net.au,wqZ*l@02jZ@,209
Raelene,Legeyt,raelene@gmail.com,d4k0SwFT!SO^,462
Micaela,Shiflett,micaela_shiflett@shiflett.com.au,Cohi&JDOZ^,311
Alpha,Prudhomme,aprudhomme@hotmail.com,0cZPmhbo*D#,307
Zack,Warman,zwarman@gmail.com,OR&(8x1JiA(,225
Wilford,Pata,wilford_pata@pata.net.au,RyOJLst0_S_,315
Carman,Robasciotti,carman_robasciotti@hotmail.com,buwuL9qgpxZ!,396
Carylon,Bayot,carylon@gmail.com,@K1RsGh&YA_,119
Gladys,Schmale,gschmale@schmale.net.au,qmyLdtT6lYW&,436
Matilda,Peleg,matilda.peleg@hotmail.com,3VMTMBhU^C^,88
Jacklyn,Wojnar,jacklyn@hotmail.com,ZOYQF#%OV$,69
Tashia,Charney,tashia.charney@charney.net.au,dqVHvj0zV*,392
Dorian,Eischens,deischens@gmail.com,I(vgeUcGCH@,59
Jesus,Merkt,jesus_merkt@merkt.net.au,NQC^alyC6#X),289
Brandee,Svoboda,brandee_svoboda@svoboda.net.au,d(sxs8CqcWI^,477
Edda,Mcquaide,emcquaide@yahoo.com,aX7MteO5X$,393
Felix,Bumby,felix.bumby@bumby.com.au,FKWbTfFo4A*,266
Ben,Kellman,ben_kellman@kellman.net.au,AiB9hrnRK%M!,94
Mickie,Upton,mickie.upton@yahoo.com,(Zr83l*yFtK(,5
Phung,Krome,pkrome@yahoo.com,_7UCLwhYMJ(,295
Lashonda,Langanke,lashonda@langanke.net.au,Ju(0TR*KL#,63
Patria,Popa,patria.popa@gmail.com,em%$Qf$@3HY@,261
Nidia,Horr,nidia@gmail.com,B&z8$N_yCDW&,1
Skye,Culcasi,skye_culcasi@hotmail.com,4CXSLz#JT^,145
Kanisha,Reyelts,kreyelts@yahoo.com,XEnMcM02ZMO@,373
Hector,Barras,hector.barras@barras.com.au,_hpG@2TuOxQ%,139
Stefan,Mongolo,stefan_mongolo@mongolo.net.au,aFPY18a8A&,476
Francoise,Byon,francoise@hotmail.com,@iV4g6@YnD!,62
Lindy,Vandermeer,lindy@vandermeer.com.au,t9(@c1yTV#,82
Arthur,Diniz,arthur@gmail.com,M$bNC#J^!K),131
Nicholle,Hulme,nicholle_hulme@hulme.com.au,tq!A!Rt*T!,343
Tijuana,Mesch,tijuana_mesch@gmail.com,8N@cG%oeKA^,41
Lorenza,Schoenleber,lorenza.schoenleber@schoenleber.com.au,MrWEaHc%uL!,483
Iola,Baird,ibaird@baird.net.au,h537$sm%S*,350
Sang,Weigner,sweigner@gmail.com,0doOd3ZWS*,168
Leonor,Prez,lprez@prez.com.au,7ZFbIMWHC%,481
Silvana,Whelpley,swhelpley@yahoo.com,eaFTSJo(toE@,164
Anthony,Stever,anthony.stever@hotmail.com,5U(jMSRi%pB&,469
Wenona,Carmel,wenona@gmail.com,wtyljbMDCAY%,123
Isadora,Yurick,iyurick@hotmail.com,Ghj1o7QYL*,196
Mose,Vonseggern,mose_vonseggern@hotmail.com,ziN_9FfKSP^,22
Marci,Aveline,marci.aveline@hotmail.com,P$YD!QV!W(,427
Michel,Hoyne,michel@hoyne.com.au,sANRbtLsqIM$,228
Stephania,Connon,stephania.connon@connon.com.au,mRV!yR^*RV^,338
Charolette,Turk,cturk@yahoo.com,dnwDVsdzXZF!,250
Katie,Magro,katie_magro@gmail.com,$b92p*1)A_,299
Inocencia,Angeron,inocencia.angeron@angeron.net.au,&HkWgCh&iZ^,87
Nikita,Novosel,nikita_novosel@novosel.net.au,iIkZ5i0rX_,71
Malcolm,Gohlke,malcolm@yahoo.com,SBtCXJIS0S$,452
Desiree,Englund,denglund@gmail.com,kaROn6XZP$,237
Holley,Worland,holley.worland@hotmail.com,)QHPG0BcX#,13
Maryann,Tates,mtates@yahoo.com,6w(jKBs@pxH&,78
Ling,Dibello,ling_dibello@yahoo.com,KbCbh^%(zJ%,372
Hailey,Kopet,hailey_kopet@kopet.com.au,Lr#lo#cZA%,73
Farrah,Malboeuf,farrah@malboeuf.com.au,yALKj7wh*H#,415
Candra,Deritis,candra@deritis.net.au,$$50qI0qfWN@,304
Reuben,Hegland,reuben@yahoo.com,0%uYxW^xt@O),294
Anglea,Andrion,anglea.andrion@andrion.com.au,kiw76$Ggk@N$,264
Paris,Tuccio,paris.tuccio@hotmail.com,HVNlEVrbeC$,416
Latricia,Schmoyer,latricia_schmoyer@hotmail.com,gKygoxn#fPX%,269
Jeffrey,Leuenberger,jleuenberger@yahoo.com,TZ4J#j7iRxF_,121
Dean,Vollstedt,dvollstedt@vollstedt.com.au,9P2_Cq5IV@,418
Deane,Haag,dhaag@hotmail.com,tOY^&X!OTZS),262
Edelmira,Pedregon,edelmira_pedregon@hotmail.com,d0r3j_2lNN@,370
Andrew,Keks,andrew@gmail.com,$czTqvAB*C^,48
Miesha,Decelles,mdecelles@decelles.net.au,*&Fh86g4T_,457
Javier,Osmer,javier@osmer.com.au,zy!yHQ26FL),288
Kizzy,Stangle,kizzy.stangle@yahoo.com,u3FQNou8A*,382
Sharan,Wodicka,sharan@wodicka.net.au,LeWB$qcrkuO%,240
Novella,Fritch,nfritch@fritch.com.au,D&EuK!s1YS@,236
German,Dones,german@gmail.com,2rOipA#a!SH^,12
Robt,Blanck,robt.blanck@yahoo.com,tsDWTbp0dqI%,43
Rossana,Biler,rossana.biler@biler.net.au,M6i%FTb3YgZ&,232
Henriette,Gish,henriette.gish@gish.net.au,6jGH)D5JiOX*,57
Buffy,Stitely,buffy_stitely@stitely.com.au,y1T((BL2I%,24
Christiane,Osmanski,christiane@gmail.com,tskbK$Ib(6B*,211
Annamae,Lothridge,alothridge@hotmail.com,WRuOrhLSlF%,260
Vanesa,Glockner,vanesa@glockner.com.au,IOMaF*mrRN!,96
Gennie,Pastorino,gennie.pastorino@gmail.com,3#JCS9w6Y),222
Tamra,Kenfield,tkenfield@kenfield.com.au,gS2%&tn&rX!,249
Tien,Kinney,tien_kinney@kinney.com.au,ro!q!d6vLeE),361
Malcom,Leja,malcom@leja.com.au,AN3GwgMHxP!,479
Claudia,Gawrych,claudia@gmail.com,Mxa26o6lPE@,7
Page,Entzi,page@entzi.net.au,l)AIJ67WcJA#,8
Lorita,Roches,lorita_roches@roches.net.au,adcCZvnJ4%U%,213
Annita,Lek,annita.lek@lek.net.au,K7jpr84gSN!,297
Eliseo,Mikovec,emikovec@mikovec.com.au,srxWN4yeyG&,459
Tyisha,Layland,tyisha@yahoo.com,bsXc)zROSA(,283
Colene,Tolbent,colene.tolbent@tolbent.net.au,&ey8oVlZ3MI#,348
Francis,Senters,fsenters@gmail.com,DQ1z98)1L&,342
Hester,Dollins,hester_dollins@gmail.com,KH7XBui2bLO^,107
Susana,Baumgarter,susana.baumgarter@yahoo.com,&#Tg$%FDM%,97
Dahlia,Tummons,dahlia.tummons@gmail.com,WatSpHsMW$,160
Osvaldo,Falvey,osvaldo.falvey@yahoo.com,x9MiDlLSX!,335
Armando,Barkley,armando.barkley@yahoo.com,dae6DCI&T),113
Torie,Deras,torie_deras@yahoo.com,K!l(%Emo4NO@,296
Tamie,Hollimon,tamie@hollimon.com.au,f@ij8uT0zLN^,99
Lettie,Hessenthaler,lettie_hessenthaler@hessenthaler.net.au,9PRU5jKKR@,263
Chaya,Muhlbauer,chaya_muhlbauer@muhlbauer.net.au,GIUENl2F$*W),190
Terina,Wildeboer,terina_wildeboer@wildeboer.com.au,Eln03eKxQ*A#,134
Lisbeth,Agney,lisbeth.agney@agney.net.au,uHp$Y@riE(,90
Lillian,Dominique,lillian@hotmail.com,Wd@T4mSPG@,14
Corrina,Lindblom,clindblom@gmail.com,ioR6w$N3HX%,128
Dylan,Chaleun,dylan_chaleun@hotmail.com,WtzpqXi9^N^,175
Jerrod,Luening,jerrod_luening@luening.com.au,70t#JIy$T(,231
Gracie,Vicente,gracie.vicente@hotmail.com,hh5QYfuQhzX&,456
Barabara,Amedro,barabara@amedro.net.au,O!g%iOf%V!,403
Delsie,Ducos,dducos@hotmail.com,2TZT$^z%%R&,281
Cassie,Digregorio,cdigregorio@digregorio.net.au,b_hbYBb_pzZ_,258
Tamekia,Kajder,tamekia_kajder@yahoo.com,8RX5rxJtO!,166
Johanna,Saffer,johanna@yahoo.com,QQs_AxnN7QD@,217
Sharita,Kruk,sharita_kruk@gmail.com,&72kUzFjO#,406
Gerald,Chrusciel,gerald@chrusciel.net.au,9bef26e^CU$,454
Ardella,Dieterich,ardella.dieterich@yahoo.com,4chZ_lK0bK@,234
Jackie,Kellebrew,jackie.kellebrew@kellebrew.com.au,bQEGb#BqJ!,425
Mabelle,Ramero,mabelle.ramero@ramero.net.au,73uv2bYAmV#,280
Jonell,Biasi,jbiasi@biasi.net.au,E70C7TegB&,248
Linwood,Wessner,linwood.wessner@hotmail.com,uDQZqEif(jB^,438
Samira,Heninger,sheninger@yahoo.com,Kpmt$C8@^Y%,271
Julieta,Cropsey,julieta@yahoo.com,s8I*F%(&0HJ_,324
Serita,Barthlow,serita_barthlow@gmail.com,ExNQguWC)TY&,270
Tori,Tepley,tori@tepley.net.au,3gG50*oqMP%,358
Nancey,Whal,nancey@whal.net.au,JL&%)els0E*,443
Wilbert,Beckes,wilbert@hotmail.com,NOrO5cw_p)Y$,390
Werner,Hermens,whermens@hermens.net.au,v$$46#TKC#,402
Sunny,Catton,scatton@catton.com.au,_yIq5(EOhAW$,303
Keva,Moehring,keva.moehring@moehring.net.au,xn&NQnaIJD&,243
Mary,Dingler,mary.dingler@gmail.com,pJmc#8c%X3Q$,345
Huey,Bukovac,huey.bukovac@hotmail.com,)JXa0kaaeX),383
Antonio,Eighmy,antonio.eighmy@yahoo.com,7&EnjB(xaF),93
Quinn,Weissbrodt,qweissbrodt@weissbrodt.com.au,DcO7LtLRLAV^,441
Carin,Georgiades,cgeorgiades@gmail.com,D@m5OF^IN#,254
Jill,Davoren,jill_davoren@davoren.net.au,PVbNWAf#*xO_,206
Sanjuana,Goodness,sgoodness@goodness.net.au,6yMLjXYK%A^,341
Elin,Koerner,elin_koerner@koerner.com.au,I^ShAFWoE*,11
Charlena,Decamp,charlena@gmail.com,c(EtdP3*S&,184
Annette,Breyer,abreyer@hotmail.com,&6H@wmeiBQ#,301
Alexis,Morguson,amorguson@morguson.com.au,MM!5dj_73@C_,300
Princess,Saffo,princess_saffo@hotmail.com,ta)4XyZOEH&,144
Ashton,Sutherburg,asutherburg@gmail.com,Hd)p)hHZZ$,489
Elmer,Redlon,elmer@hotmail.com,HGY4zxk5U(,239
Aliza,Akiyama,aliza@yahoo.com,@q9Py1rT2(X_,485
Ora,Handrick,ora.handrick@gmail.com,^uzpnIcEC_,388
Brent,Ahlborn,bahlborn@ahlborn.com.au,OAZbvLKaCE#,84
Tora,Telch,tora@telch.net.au,@uhArq4nOpK(,55
Hildred,Eilbeck,hildred_eilbeck@eilbeck.net.au,*#$IYCm(V#,346
Dante,Freiman,dante_freiman@freiman.net.au,ml)Aq4DnK*,487
Emmanuel,Avera,emmanuel@yahoo.com,ug_vsw!kG@,35
Keshia,Wasp,kwasp@wasp.net.au,iZkcjQg5S@,103
Sherman,Mahmud,sherman@mahmud.com.au,wOBVxOlmX*,276
Lore,Brothers,lore@hotmail.com,h8&WxAFdAvZ*,64
Shawn,Weibe,shawn@hotmail.com,vzb_XKcziAC#,475
Karima,Cheever,karima_cheever@hotmail.com,FNEqzA$5eX*,408
Francesco,Kloos,fkloos@kloos.com.au,7u3mOO69(M^,473
King,Picton,king@hotmail.com,C1(G(w49Z&,447
Mica,Simco,msimco@gmail.com,25aHCz7NSH#,414
Lamonica,Princiotta,lamonica@hotmail.com,tehL1sd@!U@,102
Curtis,Ware,curtis@ware.net.au,J2yL5gbGExC$,330
Sabrina,Rabena,sabrina_rabena@hotmail.com,73f59AaDklW#,158
Denae,Saeteun,denae_saeteun@hotmail.com,M2PR9^JJW_,80
Anastacia,Carranzo,anastacia@yahoo.com,gw%yhg8^O&,70
Irving,Plocica,irving@hotmail.com,vpTwqV2EQA%,162
Elenor,Siefken,elenor.siefken@yahoo.com,$znghh87tO(,182
Mary,Irene,mirene@gmail.com,r6LIG9$jtbW*,409
Crista,Padua,crista_padua@gmail.com,BGwI2YPiO),33
Lawana,Yuasa,lawana_yuasa@yuasa.net.au,jqpu)ilpTqD%,321
Maryrose,Cove,mcove@hotmail.com,*TZVto6o7YE%,9
Lindsey,Rathmann,lindsey_rathmann@rathmann.com.au,LHkQD&n2!)U*,435
Lynelle,Koury,lynelle.koury@koury.net.au,8*%mn^(QT$,72
Brice,Bogacz,bbogacz@hotmail.com,51KpOTMiP^,374
Laine,Killean,laine@gmail.com,8MG)h6imwC%,15
Rachael,Crawley,rachael@gmail.com,JuLU0*5hPRL&,110
Della,Selestewa,della.selestewa@gmail.com,&h9)2t@CL),185
Thomasena,Graziosi,thomasena@gmail.com,iczRXfx05C@,363
Frederic,Schimke,fschimke@schimke.com.au,R6U_ZlQV7L_,316
Halina,Dellen,halina.dellen@dellen.com.au,ESeRhJUG8Y),241
Ryann,Riston,ryann@hotmail.com,IqqNd%h)3XF@,292
Shawn,Vugteveen,svugteveen@vugteveen.net.au,w2eoI_uCD&,136
Leah,Milsap,leah@milsap.com.au,$eNOrbPL^(Z#,56
Ira,Zihal,ira.zihal@yahoo.com,YDU0u3hF77U_,26
Paris,Kinnison,paris.kinnison@gmail.com,Pe)bY&mzw!Z%,242
Shayne,Sundahl,shayne.sundahl@gmail.com,!3xwYn4d4U(,219
Ernestine,Paavola,ernestine.paavola@paavola.com.au,cQ^0S5!%I$,148
Eleonore,Everline,eeverline@hotmail.com,drUWb$sDxU$,285
Misty,Leriche,mleriche@yahoo.com,!gOoqMruY(A%,451
Na,Hodges,na_hodges@hotmail.com,qr6E2$RF2!O*,208
Juan,Knudtson,juan@gmail.com,U87zyR9MiCJ(,53
Gerald,Kloepper,gerald@yahoo.com,u0*$sxg)E_,410
Desmond,Tarkowski,desmond_tarkowski@hotmail.com,s18o_tJ&E@,109
Tommy,Gennusa,tommy@hotmail.com,Apl@$!dM6R!,100
Adrianna,Poncio,adrianna@poncio.com.au,(xuDX&RhW*,308
Adaline,Galagher,adaline.galagher@galagher.com.au,Gzy8(#0aS),421
Tammi,Schiavi,tammi.schiavi@hotmail.com,qtpWe*k#O),394
Virgilio,Phay,vphay@phay.com.au,Xm3HOlPP9Q^,183
Emeline,Sotelo,emeline@gmail.com,pyu8W%*U$K(,278
Marcos,Seniff,marcos_seniff@gmail.com,6!sadEWoW@,203
Yuonne,Carabajal,ycarabajal@carabajal.com.au,0JDOZ85_MU&,279
Gladis,Kazemi,gkazemi@kazemi.net.au,bUOitIyv6_U(,77
Muriel,Drozdowski,muriel_drozdowski@hotmail.com,_anDMeg&D*,91
Juliann,Dammeyer,juliann@gmail.com,GhU2x_PwRnD^,221
Reiko,Dejarme,rdejarme@dejarme.net.au,KWKl9JQrpC%,58
Verdell,Garness,verdell.garness@yahoo.com,ag&84@pMS_,357
Arleen,Kane,arleen.kane@hotmail.com,s!b*2yOiL_,399
Launa,Vanauken,launa@gmail.com,p$01rWHHzwT),355
Casandra,Gordis,casandra_gordis@gordis.com.au,o2E2co!3A@,191
Julio,Puccini,julio@gmail.com,r9O4AeAViW*,68
Alica,Alerte,aalerte@alerte.com.au,E6#mp)F^zbB),18
Karol,Sarkissian,ksarkissian@yahoo.com,7Cz#*5lWH_,391
Wava,Ochs,wava.ochs@gmail.com,%aduSH3uP_,150
Felicitas,Gong,fgong@gong.com.au,jru%UVkkB$,464
Jamie,Kushnir,jamie@kushnir.net.au,YEA*i6qa_wA(,104
Fidelia,Dampier,fidelia_dampier@gmail.com,u4(%d6^#Q*,472
Kris,Medich,kris.medich@hotmail.com,XhPMR3AoL*,195
Lashawna,Filan,lashawna.filan@filan.net.au,xLhViHJtCPB*,431
Lachelle,Andrzejewski,lachelle.andrzejewski@andrze.com.au,y)ZbkEXRRJD#,50
Katy,Saltourides,katy_saltourides@yahoo.com,CGbc*jC9YeD!,169
Bettyann,Fernades,bettyann@fernades.com.au,5IukS(__B(,428
Valda,Levay,vlevay@levay.net.au,kCeZ!9cM2M%,445
Lynette,Beaureguard,lynette.beaureguard@hotmail.com,)OX6pzU_B%,4
Victor,Laroia,victor@laroia.net.au,$NaGNuLRSO_,453
Pa,Badgero,pa_badgero@badgero.com.au,gLnXdkcUHB),227
Dorathy,Miskelly,dorathy.miskelly@gmail.com,$vb2bWmiT#,461
Rodrigo,Schuh,rodrigo_schuh@gmail.com,!^!8BR3nIKA*,229
Stanford,Waganer,stanford_waganer@waganer.net.au,R7Lb_BMCWJ%,189
Michael,Orehek,michael_orehek@gmail.com,y8UFN%IdT(C#,389
Ines,Tokich,ines_tokich@tokich.net.au,(i71sPpJfU$,194
Dorinda,Markoff,dorinda_markoff@hotmail.com,c&zL21IS1bV!,471
Clarence,Gabbert,clarence.gabbert@gmail.com,ETMu0%QNT(,468
Omer,Radel,omer_radel@radel.net.au,2HbV6$ll3NN@,179
Winifred,Kingshott,winifred.kingshott@yahoo.com,KBo5IeEypsS(,181
Theresia,Salomone,theresia_salomone@gmail.com,L8rwo(eECoL*,61
Daisy,Kearsey,dkearsey@yahoo.com,1PPvgrfsABB^,273
Aretha,Bodle,aretha_bodle@hotmail.com,yBZ^wK^lE#,284
Bettina,Diciano,bdiciano@diciano.com.au,nUohysXzN^I^,105
Omega,Mangino,omega.mangino@hotmail.com,@R8Johv2Y!,267
Dana,Vock,dana_vock@yahoo.com,&a*bPBic8J&,27
Naomi,Tuamoheloa,naomi@yahoo.com,jhiGwwf^D@,106
Luis,Yerry,luis@hotmail.com,kW7ehObYC&,474
Dominga,Barchacky,dominga.barchacky@hotmail.com,tDZ7!7K2HWU!,200
Isreal,Calizo,isreal_calizo@gmail.com,&Y4c1uwOJ(,19
Myrtie,Korba,mkorba@hotmail.com,ZWCivA#&NG#,165
Jodi,Naifeh,jodi@hotmail.com,lLAW%*WY19F@,411
Pearly,Hedstrom,pearly@gmail.com,GnE#Hen*HeC#,156
Aileen,Menez,aileen_menez@menez.net.au,)ngknmhb5J@,325
Glory,Carlo,glory_carlo@gmail.com,DyfWlidk%JN$,224
Kathrine,Francoise,kathrine@yahoo.com,f%ze8uy4Q(,101
Domingo,Mckale,domingo_mckale@mckale.net.au,PPgj2CiiV*,60
Julian,Laprade,jlaprade@laprade.net.au,Y!q9S!@!YO&,313
Marylou,Lofts,marylou_lofts@lofts.com.au,sYnXarTKI&,265
Louis,Brueck,louis.brueck@brueck.net.au,!0HWxcLcYU(,116
Ellsworth,Guenther,eguenther@hotmail.com,@OK8l%8VVkV$,351
Wilburn,Lary,wlary@lary.net.au,JVCk*F4$Z),92
Arlie,Borra,arlie.borra@gmail.com,9s7NHGMopC&,310
Alysa,Lehoux,alysa@hotmail.com,p#qilm$ItT(,172
Marilynn,Herrera,marilynn.herrera@herrera.net.au,ZoeAs2KsJ!,432
Scot,Jarva,scot.jarva@jarva.com.au,jD9$fM!$kcO$,129
Adelaide,Ender,aender@gmail.com,@3vLCm7O8iY_,138
Jackie,Borchelt,jackie_borchelt@hotmail.com,&I1Vb6KYR#,359
Carli,Bame,carli@yahoo.com,MJluTYe119L(,83
Coletta,Thro,coletta.thro@thro.net.au,4h%p(qwMmK(,384
Katheryn,Lamers,katheryn_lamers@gmail.com,QzN1r!5tS(,401
Santos,Wisenbaker,swisenbaker@wisenbaker.net.au,EVhti4Dq*G*,49
Kimberely,Weyman,kweyman@weyman.com.au,#VZhW9geM@I^,31
Earlean,Suffern,earlean.suffern@suffern.net.au,s0T5woX6N^,89
Dannette,Heimbaugh,dannette@gmail.com,ZllZ^I*zuKH%,302
Odelia,Hutchin,odelia.hutchin@hutchin.com.au,Gb#P&1YMR*,124
Lina,Schwiebert,lina@yahoo.com,_kCxIkk3WZ_,161
Fredric,Johanningmeie,fredric@hotmail.com,bGnGFGuxlZY!,380
Alfreda,Delsoin,adelsoin@yahoo.com,W1ZznRv#JE^,442
Bernadine,Elamin,bernadine_elamin@yahoo.com,!WJkPGIdfmH(,379
Ming,Thaxton,mthaxton@gmail.com,0w!kHNPiW^,112
Gracia,Pecot,gpecot@hotmail.com,q0J2&k2LmX@,378
Yuette,Metevelis,yuette.metevelis@metevelis.net.au,tx9sjMX00RW*,458
Yuriko,Kazarian,yuriko_kazarian@gmail.com,y^Wuf^&GO@W*,257
Hyman,Hegeman,hyman@hotmail.com,9@Oe)SH_P@,32
Linette,Summerfield,linette.summerfield@hotmail.com,XIy2m50yE9O*,226
Jospeh,Couzens,jospeh.couzens@couzens.com.au,uT(ETKl9RWY!,347
Anna,Ovit,anna.ovit@hotmail.com,Tv5V9RbfuF@,16
Shawnta,Woodhams,shawnta@woodhams.com.au,iV0p7nAQW&,65
Ettie,Luckenbach,ettie@yahoo.com,046wRE4_L%,3
Chara,Leveston,cleveston@gmail.com,WK#DHxidI#,207
Lauran,Huntsberger,lhuntsberger@huntsberger.net.au,b9Y3UN0vQY_,34
Pansy,Todesco,pansy_todesco@gmail.com,d&6)#3jQyV#,192
Georgeanna,Silverstone,georgeanna@silverstone.net.au,fFy5a5x3BGX(,368
Jesus,Liversedge,jesus.liversedge@hotmail.com,8M_#toJcQ%,277
Jamey,Tetter,jamey.tetter@gmail.com,7P@M(PtzgfY&,322
Alberta,Motter,alberta_motter@hotmail.com,%bGbTFi@KV_,149
Ronald,Grube,ronald.grube@yahoo.com,YiNUloudnV_,480
Tamala,Hickie,tamala_hickie@yahoo.com,3@Eve2O7A#,216
Gerry,Mohrmann,gerry_mohrmann@mohrmann.net.au,^sl%eelZI&,309
Isaiah,Kueter,ikueter@kueter.com.au,SG$ip6I7pPQ^,245
Magnolia,Overbough,moverbough@overbough.com.au,6IPX$8%2U%,210
Ngoc,Guglielmina,ngoc_guglielmina@hotmail.com,)rrLb0D1ibW_,176
Julene,Lauretta,julene.lauretta@gmail.com,LHv@$hN2$WH),2
Magda,Lindbeck,magda_lindbeck@yahoo.com,(CpbZK*Io0K$,331
Shantell,Lizama,shantell.lizama@gmail.com,HVGO8AIdQAN#,30
Audria,Piccinich,audria.piccinich@gmail.com,nNdJR310WeY%,412
Nickole,Derenzis,nderenzis@hotmail.com,@UH1hg0DhT&,133
Grover,Reynolds,grover.reynolds@gmail.com,QSXH8VTSRZ@,111
Rocco,Bergstrom,rocco@yahoo.com,td#hEm!IQ_,356
Ethan,Quintero,ethan_quintero@quintero.com.au,62DQmWD3E),75
Glynda,Sanzenbacher,glynda@sanzenbacher.com.au,u#%fGIE!O!,290
Yolande,Scrimsher,yolande@yahoo.com,SIapnQECm&Z^,419
Twanna,Sieber,twanna@yahoo.com,(nYm@HLsmE@,167
Rosenda,Petteway,rosenda@gmail.com,B(k6#UkN_K%,259
Lacey,Francis,lacey.francis@francis.net.au,4wVDqKNAaF!,253
Cordie,Meikle,cordie.meikle@hotmail.com,_y&7&0bpC),429
Annalee,Graleski,annalee.graleski@hotmail.com,fdP3re32ST&,10
Dana,Ladeau,dana@ladeau.net.au,xTeaJ4*afAD*,466
Wai,Raddle,wai.raddle@raddle.com.au,9Hcjzlgfs7F&,287
Johana,Conquest,johana@conquest.net.au,peTa5p2OZB#,142
Tomas,Fults,tomas_fults@fults.net.au,c2u0KijlKV_,326
Karon,Etzler,karon@hotmail.com,ZwR9@m35zC_,306
Delbert,Houben,delbert.houben@hotmail.com,dDxJJDwQF(,40
Ashleigh,Rimmer,ashleigh.rimmer@hotmail.com,tNi#B6#hW@,387
Nenita,Mckenna,nmckenna@yahoo.com,3nB&!3DkiW_,381
Micah,Shear,mshear@hotmail.com,03CHniHg5A),465
Stefany,Figueras,stefany@figueras.net.au,Y^no&wEkE!,126
Rene,Burnsworth,rene@burnsworth.net.au,*oTqNuaMBJ%,44
Cary,Orazine,cary.orazine@hotmail.com,lkc*mDLfJZ&,39
Micheal,Ocken,micheal.ocken@ocken.net.au,A9ypBeWYBC(,339
Frederick,Tamburello,frederick.tamburello@hotmail.com,65XmK2IWeS*,252
Burma,Noa,burma.noa@gmail.com,hVkAoq@P7F#,180
Cherry,Roh,cherry_roh@yahoo.com,^4T%w&xHU^,488
Gabriele,Frabotta,gabriele_frabotta@gmail.com,Ccv3tqGYU(,79
Clement,Chee,clement@hotmail.com,BGeWpH3DB6M),202
Beckie,Apodace,bapodace@gmail.com,XmdujlxEHG%,484
Catrice,Fowlkes,cfowlkes@hotmail.com,0Ax8NcQJ_Y*,405
Richelle,Remillard,richelle.remillard@remillard.net.au,WwsADur0F@,244
Cherri,Miccio,cherri_miccio@gmail.com,vnDUH0EQ76W@,404
Dorethea,Taketa,dtaketa@taketa.net.au,_q$c*6uNT!,286
Barb,Latina,blatina@hotmail.com,NMxQhLk1lpE%,125
Bettye,Meray,bmeray@yahoo.com,)%dMJ6Crp#J#,137
Sherrell,Sprowl,sherrell_sprowl@hotmail.com,RM#&3I8tO$,397
Ruth,Niglio,ruth.niglio@hotmail.com,CSi@ruY*^Z),122
Alva,Shoulders,alva@gmail.com,63@v7l^pZ#,174
Carri,Palaspas,carri_palaspas@palaspas.net.au,&svZU(Y_P&,323
Onita,Milbrandt,onita.milbrandt@milbrandt.com.au,69*#LspwA),193
Jessenia,Sarp,jsarp@hotmail.com,2TRLOioLU&,120
Tricia,Peressini,tperessini@yahoo.com,DSkpt7wi3J$,67
Stephaine,Manin,stephaine_manin@yahoo.com,cu^DexvGmU_,256
Florinda,Gudgel,fgudgel@gudgel.com.au,a%)L@W!zF&,255
Marsha,Farnham,marsha@farnham.com.au,%UTPnvOyaIK^,118
Josefa,Oakland,josefa_oakland@oakland.com.au,NM!sbtLOPF%,230
Deeann,Nicklous,deeann_nicklous@gmail.com,q%SPvglx&!Y&,220
Jeannetta,Vonstaden,jvonstaden@gmail.com,V5cvOu9)G!,215
Desmond,Amuso,desmond@hotmail.com,pg2g)mDV_A$,340
Trina,Bakey,tbakey@bakey.com.au,xIhGCJGT1N^,115
Ramonita,Picotte,ramonita_picotte@yahoo.com,bh5A#H*bBqB%,47
Temeka,Bodine,temeka.bodine@gmail.com,t(b6mwl$GG),314
Bea,Iida,bea_iida@iida.net.au,@Gs*VkH%F!,365
Soledad,Mockus,soledad_mockus@yahoo.com,5#4lPcC@O&,152
Margurite,Okon,margurite.okon@hotmail.com,,491
Artie,Saine,artie_saine@yahoo.com,,492
Major,Studwell,major@gmail.com,,493
Veronika,Buchauer,veronika.buchauer@buchauer.net.au,,494
Christene,Cisney,christene@hotmail.com,,495
Miles,Feldner,miles@hotmail.com,,496
Julio,Mikel,julio.mikel@mikel.net.au,,497
Aide,Ghera,aide.ghera@ghera.com.au,,498
Noelia,Brackett,noelia@brackett.net.au,,499
Lenora,Delacruz,lenora@delacruz.net.au,,500
Benjamin,Wilkinson,BDW@hillcrest.com,WASD1,501
Angel,Parra,TEST,TEST,502
Nicholas,Moran,TEST2,PASSWORD,503
w,w,w,w,504
test,test,test,test,505
DWAYNE,SMITH,YEP,YEPPPP,506
www,www,www,www,507
www,,www,www,508
aa,ww,tbakey@bakey.com.au,ww,509
w,w,w,w,510
w,w,tbakey@bakey.com.au,w,511
w,w,w,w,512
